question_id,language,fidelity_v1_original,fidelity_v2_locale_fixed,fidelity_v3_audited,category,task_semantic_sufficiency,source_numbers_v1,source_numbers_v2,extracted_numbers,v1_v2_differ
mgsm_trilingual_001,English,True,True,True,fully_correct,False,2.0,2.0,"0.5,2.0",False
mgsm_trilingual_001,Spanish,True,True,True,fully_correct,False,2.0,2.0,"0.5,2.0",False
mgsm_trilingual_001,Japanese,True,True,True,fully_correct,False,2.0,2.0,"0.5,2.0",False
mgsm_trilingual_006,English,True,True,True,fully_correct,False,"4.0,20.0","4.0,20.0","2.0,4.0,20.0",False
mgsm_trilingual_006,Spanish,True,True,True,fully_correct,False,"4.0,20.0","4.0,20.0","2.0,4.0,20.0",False
mgsm_trilingual_006,Japanese,True,True,True,fully_correct,False,"2.0,4.0,20.0","2.0,4.0,20.0","2.0,4.0,20.0",False
mgsm_trilingual_007,English,True,True,True,fully_correct,False,"2.0,20.0,40.0,200.0","2.0,20.0,40.0,200.0","2.0,20.0,40.0,200.0",False
mgsm_trilingual_007,Spanish,True,True,True,fully_correct,False,"2.0,20.0,40.0,200.0","2.0,20.0,40.0,200.0","2.0,20.0,40.0,200.0",False
mgsm_trilingual_007,Japanese,True,True,True,fully_correct,False,"1.0,2.0,20.0,40.0,200.0","1.0,2.0,20.0,40.0,200.0","1.0,2.0,20.0,40.0,200.0",False
mgsm_trilingual_008,English,True,True,True,fully_correct,True,"2.0,3.0,4.0,30.0,60.0,80.0","2.0,3.0,4.0,30.0,60.0,80.0","0.5,2.0,3.0,4.0,30.0,60.0,80.0",False
mgsm_trilingual_008,Spanish,True,True,True,fully_correct,True,"2.0,3.0,4.0,30.0,60.0,80.0","2.0,3.0,4.0,30.0,60.0,80.0","0.5,2.0,3.0,4.0,30.0,60.0,80.0",False
mgsm_trilingual_008,Japanese,True,True,True,fully_correct,True,"2.0,3.0,4.0,30.0,60.0,80.0","2.0,3.0,4.0,30.0,60.0,80.0","2.0,3.0,4.0,30.0,60.0,80.0",False
mgsm_trilingual_022,English,True,True,True,fully_correct,True,"2.0,3.0,8.0","2.0,3.0,8.0","0.0,1.0,2.0,3.0,8.0",False
mgsm_trilingual_022,Spanish,True,True,True,fully_correct,True,"2.0,3.0,8.0","2.0,3.0,8.0","0.0,1.0,2.0,3.0,8.0",False
mgsm_trilingual_022,Japanese,True,True,True,fully_correct,True,"1.0,2.0,3.0,8.0","1.0,2.0,3.0,8.0","0.0,1.0,2.0,3.0,8.0",False
mgsm_trilingual_023,English,True,True,True,fully_correct,True,"1.0,2.0,5.0","1.0,2.0,5.0","1.0,2.0,5.0",False
mgsm_trilingual_023,Spanish,True,True,True,fully_correct,True,"1.0,2.0,5.0","1.0,2.0,5.0","1.0,2.0,5.0",False
mgsm_trilingual_023,Japanese,True,True,True,fully_correct,True,"1.0,2.0,5.0","1.0,2.0,5.0","1.0,2.0,5.0",False
mgsm_trilingual_026,English,True,True,True,fully_correct,True,"3.0,16.5,22.5,42.0","3.0,16.5,22.5,42.0","1.0,3.0,16.5,22.5,42.0",False
mgsm_trilingual_026,Spanish,False,True,True,fully_correct,True,"3.0,42.0,1650.0,2250.0","3.0,16.5,22.5,42.0","3.0,16.5,22.5,42.0",True
mgsm_trilingual_026,Japanese,False,False,True,different_form,True,"1.0,3.0,16.5,22.5,42.0","1.0,3.0,16.5,22.5,42.0","3.0,16.5,22.5,42.0",False
mgsm_trilingual_028,English,True,True,True,fully_correct,True,"15.0,20.0,60.0","15.0,20.0,60.0","15.0,20.0,60.0",False
mgsm_trilingual_028,Spanish,True,True,True,fully_correct,True,"15.0,20.0,60.0","15.0,20.0,60.0","15.0,20.0,60.0",False
mgsm_trilingual_028,Japanese,True,True,True,fully_correct,True,"1.0,2.0,15.0,20.0,60.0","1.0,2.0,15.0,20.0,60.0","1.0,2.0,15.0,20.0,60.0",False
mgsm_trilingual_035,English,True,True,True,fully_correct,True,"4.0,20.0,25.0,40.0","4.0,20.0,25.0,40.0","4.0,20.0,25.0,40.0",False
mgsm_trilingual_035,Spanish,True,True,True,fully_correct,True,"4.0,20.0,25.0,40.0","4.0,20.0,25.0,40.0","4.0,20.0,25.0,40.0",False
mgsm_trilingual_035,Japanese,True,True,True,fully_correct,True,"4.0,20.0,25.0,40.0","4.0,20.0,25.0,40.0","4.0,20.0,25.0,40.0",False
mgsm_trilingual_039,English,True,True,True,fully_correct,True,3.0,3.0,"0.3333333333333333,0.5,0.6666666666666666,3.0,4.0,6.0",False
mgsm_trilingual_039,Spanish,True,True,True,fully_correct,True,3.0,3.0,"0.5,3.0,4.0,6.0",False
mgsm_trilingual_039,Japanese,False,False,True,different_form,True,"1.0,2.0,3.0,4.0,6.0","1.0,2.0,3.0,4.0,6.0","0.3333333333333333,0.5,0.6666666666666666,1.0,3.0,4.0,6.0",False
mgsm_trilingual_040,English,True,True,True,fully_correct,True,1.0,1.0,"1.0,2.0,4.0",False
mgsm_trilingual_040,Spanish,True,True,True,fully_correct,True,1.0,1.0,"1.0,2.0,4.0",False
mgsm_trilingual_040,Japanese,True,True,True,fully_correct,True,"1.0,2.0,4.0","1.0,2.0,4.0","1.0,2.0,4.0",False
mgsm_trilingual_050,English,True,True,True,fully_correct,True,"2.0,252.0","2.0,252.0","2.0,7.0,12.0,252.0",False
mgsm_trilingual_050,Spanish,True,True,True,fully_correct,True,"2.0,252.0","2.0,252.0","2.0,7.0,12.0,252.0",False
mgsm_trilingual_050,Japanese,True,True,True,fully_correct,True,"1.0,2.0,252.0","1.0,2.0,252.0","1.0,2.0,252.0",False
mgsm_trilingual_055,English,True,True,True,fully_correct,True,"2.0,30.0","2.0,30.0","2.0,30.0",False
mgsm_trilingual_055,Spanish,True,True,True,fully_correct,True,"2.0,30.0","2.0,30.0","2.0,30.0",False
mgsm_trilingual_055,Japanese,True,True,True,fully_correct,True,"1.0,2.0,30.0","1.0,2.0,30.0","1.0,2.0,30.0",False
mgsm_trilingual_056,English,True,True,True,fully_correct,True,"7.0,42.0","7.0,42.0","7.0,42.0",False
mgsm_trilingual_056,Spanish,True,True,True,fully_correct,True,"7.0,42.0","7.0,42.0","7.0,42.0",False
mgsm_trilingual_056,Japanese,True,True,True,fully_correct,True,"7.0,42.0","7.0,42.0","7.0,42.0",False
mgsm_trilingual_057,English,True,True,True,fully_correct,True,"15.0,3755.0,5000.0","15.0,3755.0,5000.0","15.0,3755.0,5000.0",False
mgsm_trilingual_057,Spanish,True,True,True,fully_correct,True,"15.0,3755.0,5000.0","15.0,3755.0,5000.0","15.0,3755.0,5000.0",False
mgsm_trilingual_057,Japanese,True,True,True,fully_correct,False,"15.0,33.0,3755.0,5000.0","15.0,33.0,3755.0,5000.0","15.0,33.0,3755.0,5000.0",False
mgsm_trilingual_059,English,True,True,True,fully_correct,True,"6.0,20.0,67.0","6.0,20.0,67.0","6.0,20.0,67.0",False
mgsm_trilingual_059,Spanish,True,True,True,fully_correct,True,"6.0,20.0,67.0","6.0,20.0,67.0","6.0,20.0,67.0",False
mgsm_trilingual_059,Japanese,True,True,True,fully_correct,True,"6.0,20.0,67.0","6.0,20.0,67.0","6.0,20.0,67.0",False
mgsm_trilingual_062,English,False,False,True,different_form,True,"5.0,20.0,30.0,40.0,50000.0","5.0,20.0,30.0,40.0,50000.0","20.0,30.0,40.0,50000.0",False
mgsm_trilingual_062,Spanish,False,False,True,different_form,True,"0.0,5.0,20.0,30.0,40.0,50.0","0.0,5.0,20.0,30.0,40.0,50.0","5.0,20.0,30.0,40.0,50000.0",False
mgsm_trilingual_062,Japanese,True,True,True,fully_correct,True,"5.0,20.0,30.0,40.0,50000.0","5.0,20.0,30.0,40.0,50000.0","5.0,20.0,30.0,40.0,50000.0",False
mgsm_trilingual_070,English,True,True,True,fully_correct,True,"1.0,5.0,8.0,15.0","1.0,5.0,8.0,15.0","1.0,5.0,8.0,15.0",False
mgsm_trilingual_070,Spanish,False,True,True,fully_correct,True,"1.0,5.0,8.0,15.0,1500.0","1.0,5.0,8.0,15.0","1.0,5.0,8.0,15.0",True
mgsm_trilingual_070,Japanese,True,True,True,fully_correct,True,"1.0,5.0,8.0,15.0","1.0,5.0,8.0,15.0","1.0,5.0,8.0,15.0",False
mgsm_trilingual_071,English,True,True,True,fully_correct,True,20.0,20.0,"2.0,20.0",False
mgsm_trilingual_071,Spanish,True,True,True,fully_correct,True,20.0,20.0,"1.0,2.0,20.0",False
mgsm_trilingual_071,Japanese,True,True,True,fully_correct,True,"1.0,2.0,20.0","1.0,2.0,20.0","1.0,2.0,20.0",False
mgsm_trilingual_086,English,True,True,True,fully_correct,True,,,"0.5,1.0,2.0,3.0,4.0",False
mgsm_trilingual_086,Spanish,True,True,True,fully_correct,False,,,"0.5,1.0,2.0,3.0,4.0",False
mgsm_trilingual_086,Japanese,True,True,True,fully_correct,True,"1.0,2.0,3.0,4.0","1.0,2.0,3.0,4.0","0.5,1.0,2.0,3.0,4.0",False
mgsm_trilingual_087,English,True,True,True,fully_correct,False,"5.0,10.0,600.0","5.0,10.0,600.0","3.0,5.0,10.0,600.0",False
mgsm_trilingual_087,Spanish,True,True,True,fully_correct,True,"5.0,10.0,600.0","5.0,10.0,600.0","3.0,5.0,10.0,600.0",False
mgsm_trilingual_087,Japanese,True,True,True,fully_correct,True,"3.0,5.0,10.0,12.0,600.0","3.0,5.0,10.0,12.0,600.0","3.0,5.0,10.0,12.0,600.0",False
mgsm_trilingual_107,English,True,True,True,fully_correct,True,"1.0,7.0,30.0","1.0,7.0,30.0","1.0,2.0,7.0,30.0",False
mgsm_trilingual_107,Spanish,True,True,True,fully_correct,True,"1.0,7.0,30.0","1.0,7.0,30.0","1.0,2.0,7.0,30.0",False
mgsm_trilingual_107,Japanese,True,True,True,fully_correct,True,"1.0,2.0,7.0,30.0","1.0,2.0,7.0,30.0","1.0,2.0,7.0,30.0",False
mgsm_trilingual_108,English,True,True,True,fully_correct,True,"5.0,15.0,110.0","5.0,15.0,110.0","2.0,5.0,15.0,110.0",False
mgsm_trilingual_108,Spanish,True,True,True,fully_correct,True,"5.0,15.0,110.0","5.0,15.0,110.0","2.0,5.0,15.0,110.0",False
mgsm_trilingual_108,Japanese,True,True,True,fully_correct,True,"2.0,5.0,15.0,110.0","2.0,5.0,15.0,110.0","2.0,5.0,15.0,110.0",False
mgsm_trilingual_114,English,True,True,True,fully_correct,True,"6.0,50.0,1800.0","6.0,50.0,1800.0","6.0,50.0,1800.0",False
mgsm_trilingual_114,Spanish,True,True,True,fully_correct,True,"6.0,50.0,1800.0","6.0,50.0,1800.0","6.0,50.0,1800.0",False
mgsm_trilingual_114,Japanese,True,True,True,fully_correct,True,"6.0,50.0,1800.0","6.0,50.0,1800.0","6.0,50.0,1800.0",False
mgsm_trilingual_129,English,True,True,True,fully_correct,True,"24.0,150.0,200.0,500.0","24.0,150.0,200.0,500.0","24.0,150.0,200.0,500.0",False
mgsm_trilingual_129,Spanish,True,True,True,fully_correct,True,"24.0,150.0,200.0,500.0","24.0,150.0,200.0,500.0","24.0,150.0,200.0,500.0",False
mgsm_trilingual_129,Japanese,True,True,True,fully_correct,True,"1.0,24.0,150.0,200.0,500.0","1.0,24.0,150.0,200.0,500.0","1.0,24.0,150.0,200.0,500.0",False
mgsm_trilingual_139,English,True,True,True,fully_correct,True,"12.0,22.0","12.0,22.0","4.0,12.0,22.0",False
mgsm_trilingual_139,Spanish,True,True,True,fully_correct,True,"12.0,22.0","12.0,22.0","4.0,12.0,22.0",False
mgsm_trilingual_139,Japanese,True,True,True,fully_correct,False,"4.0,12.0","4.0,12.0","4.0,12.0",False
mgsm_trilingual_143,English,True,True,True,fully_correct,True,"2.0,3.0,4.0,10.0","2.0,3.0,4.0,10.0","2.0,3.0,4.0,10.0",False
mgsm_trilingual_143,Spanish,True,True,True,fully_correct,True,"2.0,3.0,4.0,10.0","2.0,3.0,4.0,10.0","2.0,3.0,4.0,10.0",False
mgsm_trilingual_143,Japanese,True,True,True,fully_correct,True,"2.0,3.0,4.0,10.0","2.0,3.0,4.0,10.0","2.0,3.0,4.0,10.0",False
mgsm_trilingual_150,English,True,True,True,fully_correct,True,"2.0,3.0,264.0,440.0","2.0,3.0,264.0,440.0","2.0,3.0,264.0,440.0",False
mgsm_trilingual_150,Spanish,True,True,True,fully_correct,True,"2.0,3.0,264.0,440.0","2.0,3.0,264.0,440.0","2.0,3.0,264.0,440.0",False
mgsm_trilingual_150,Japanese,True,True,True,fully_correct,True,"1.0,2.0,3.0,264.0,440.0","1.0,2.0,3.0,264.0,440.0","1.0,2.0,3.0,264.0,440.0",False
mgsm_trilingual_151,English,True,True,True,fully_correct,False,"3.0,5.0,25.0","3.0,5.0,25.0","1.0,2.0,3.0,5.0,25.0",False
mgsm_trilingual_151,Spanish,True,True,True,fully_correct,False,"3.0,5.0,25.0","3.0,5.0,25.0","1.0,2.0,3.0,5.0,25.0",False
mgsm_trilingual_151,Japanese,True,True,True,fully_correct,True,"1.0,3.0,5.0,25.0","1.0,3.0,5.0,25.0","1.0,2.0,3.0,5.0,25.0",False
mgsm_trilingual_154,English,True,True,True,fully_correct,True,"1.0,2.0,16.0","1.0,2.0,16.0","1.0,2.0,3.0,16.0",False
mgsm_trilingual_154,Spanish,True,True,True,fully_correct,True,"1.0,2.0,16.0","1.0,2.0,16.0","1.0,2.0,3.0,16.0",False
mgsm_trilingual_154,Japanese,True,True,True,fully_correct,True,"1.0,2.0,3.0,16.0","1.0,2.0,3.0,16.0","1.0,2.0,3.0,16.0",False
mgsm_trilingual_163,English,True,True,True,fully_correct,True,"3.0,4.0,5.0","3.0,4.0,5.0","1.0,3.0,4.0,5.0",False
mgsm_trilingual_163,Spanish,True,True,True,fully_correct,True,"3.0,4.0,5.0","3.0,4.0,5.0","1.0,3.0,4.0,5.0",False
mgsm_trilingual_163,Japanese,True,True,True,fully_correct,True,"1.0,3.0,4.0,5.0","1.0,3.0,4.0,5.0","1.0,3.0,4.0,5.0",False
mgsm_trilingual_166,English,True,True,True,fully_correct,True,"3.0,9.0,15.0","3.0,9.0,15.0","3.0,9.0,15.0",False
mgsm_trilingual_166,Spanish,True,True,True,fully_correct,True,"3.0,9.0,15.0","3.0,9.0,15.0","3.0,9.0,15.0",False
mgsm_trilingual_166,Japanese,True,True,True,fully_correct,True,"3.0,9.0,15.0","3.0,9.0,15.0","3.0,9.0,15.0",False
mgsm_trilingual_173,English,True,True,True,fully_correct,True,"50.0,200.0,300.0,500.0","50.0,200.0,300.0,500.0","1.0,50.0,200.0,300.0,500.0",False
mgsm_trilingual_173,Spanish,True,True,True,fully_correct,True,"50.0,200.0,300.0,500.0","50.0,200.0,300.0,500.0","1.0,50.0,200.0,300.0,500.0",False
mgsm_trilingual_173,Japanese,False,False,False,needs_manual_check,False,"50.0,200.0,300.0,500.0","50.0,200.0,300.0,500.0","200.0,300.0,500.0",False
mgsm_trilingual_178,English,True,True,True,fully_correct,True,"4.0,40.0","4.0,40.0","3.0,4.0,10.0,40.0",False
mgsm_trilingual_178,Spanish,True,True,True,fully_correct,True,"4.0,40.0","4.0,40.0","3.0,4.0,10.0,40.0",False
mgsm_trilingual_178,Japanese,True,True,True,fully_correct,True,"3.0,4.0,10.0,40.0","3.0,4.0,10.0,40.0","3.0,4.0,10.0,40.0",False
mgsm_trilingual_179,English,True,True,True,fully_correct,True,"5.0,8.0,10.0","5.0,8.0,10.0","2.0,5.0,8.0,10.0",False
mgsm_trilingual_179,Spanish,True,True,True,fully_correct,True,"5.0,8.0,10.0","5.0,8.0,10.0","2.0,5.0,8.0,10.0",False
mgsm_trilingual_179,Japanese,True,True,True,fully_correct,True,"1.0,2.0,5.0,8.0,10.0","1.0,2.0,5.0,8.0,10.0","1.0,2.0,5.0,8.0,10.0",False
mgsm_trilingual_183,English,True,True,True,fully_correct,True,"3.0,4.0,55.0,60.0,400.0","3.0,4.0,55.0,60.0,400.0","1.0,2.0,3.0,4.0,55.0,60.0,400.0",False
mgsm_trilingual_183,Spanish,True,True,True,fully_correct,True,"3.0,4.0,55.0,60.0,400.0","3.0,4.0,55.0,60.0,400.0","1.0,2.0,3.0,4.0,55.0,60.0,400.0",False
mgsm_trilingual_183,Japanese,True,True,True,fully_correct,True,"1.0,2.0,3.0,4.0,55.0,60.0,400.0,1600.0","1.0,2.0,3.0,4.0,55.0,60.0,400.0,1600.0","1.0,2.0,3.0,4.0,55.0,60.0,400.0,1600.0",False
mgsm_trilingual_188,English,True,True,True,fully_correct,True,"2.0,20.0,30.0,400.0","2.0,20.0,30.0,400.0","2.0,20.0,30.0,400.0",False
mgsm_trilingual_188,Spanish,True,True,True,fully_correct,True,"2.0,20.0,30.0,400.0","2.0,20.0,30.0,400.0","2.0,20.0,30.0,400.0",False
mgsm_trilingual_188,Japanese,True,True,True,fully_correct,True,"1.0,2.0,20.0,30.0,400.0","1.0,2.0,20.0,30.0,400.0","1.0,2.0,20.0,30.0,400.0",False
mgsm_trilingual_189,English,True,True,True,fully_correct,True,"2.0,3.0,4.5,20.25,33.0","2.0,3.0,4.5,20.25,33.0","2.0,3.0,4.5,20.25,33.0",False
mgsm_trilingual_189,Spanish,False,True,True,fully_correct,True,"2.0,3.0,33.0,450.0,2025.0","2.0,3.0,4.5,20.25,33.0","2.0,3.0,4.5,20.25,33.0",True
mgsm_trilingual_189,Japanese,True,True,True,fully_correct,True,"1.0,2.0,3.0,4.5,20.25,33.0","1.0,2.0,3.0,4.5,20.25,33.0","1.0,2.0,3.0,4.5,20.25,33.0",False
mgsm_trilingual_194,English,True,True,True,fully_correct,True,"2.0,5.0,20.0","2.0,5.0,20.0","2.0,5.0,20.0",False
mgsm_trilingual_194,Spanish,True,True,True,fully_correct,True,"2.0,5.0,20.0","2.0,5.0,20.0","2.0,5.0,20.0",False
mgsm_trilingual_194,Japanese,False,False,True,different_form,True,"1.0,2.0,5.0,20.0","1.0,2.0,5.0,20.0","2.0,5.0,20.0",False
mgsm_trilingual_195,English,True,True,True,fully_correct,True,"0.3,1.2,8.0","0.3,1.2,8.0","0.3,1.2,8.0",False
mgsm_trilingual_195,Spanish,False,False,True,different_form,True,"0.3,8.0,120.0","1.2,8.0,30.0","0.3,1.2,8.0",True
mgsm_trilingual_195,Japanese,True,True,True,fully_correct,True,"0.3,1.2,8.0","0.3,1.2,8.0","0.3,1.2,8.0",False
mgsm_trilingual_206,English,True,True,True,fully_correct,True,"2.0,3.0,5.0,25.0,60.0","2.0,3.0,5.0,25.0,60.0","2.0,3.0,4.0,5.0,25.0,60.0",False
mgsm_trilingual_206,Spanish,True,True,True,fully_correct,True,"2.0,3.0,5.0,25.0,60.0","2.0,3.0,5.0,25.0,60.0","2.0,3.0,4.0,5.0,25.0,60.0",False
mgsm_trilingual_206,Japanese,True,True,True,fully_correct,True,"2.0,3.0,4.0,5.0,25.0,60.0","2.0,3.0,4.0,5.0,25.0,60.0","2.0,3.0,4.0,5.0,25.0,60.0",False
mgsm_trilingual_207,English,True,True,True,fully_correct,True,"25.0,40.0,80.0","25.0,40.0,80.0","2.0,25.0,40.0,80.0",False
mgsm_trilingual_207,Spanish,True,True,True,fully_correct,True,"25.0,40.0,80.0","25.0,40.0,80.0","2.0,25.0,40.0,80.0",False
mgsm_trilingual_207,Japanese,True,True,True,fully_correct,True,"2.0,25.0,40.0,80.0","2.0,25.0,40.0,80.0","2.0,25.0,40.0,80.0",False
mgsm_trilingual_214,English,True,True,True,fully_correct,True,4.0,4.0,"2.0,4.0",False
mgsm_trilingual_214,Spanish,True,True,True,fully_correct,False,4.0,4.0,"2.0,4.0",False
mgsm_trilingual_214,Japanese,True,True,True,fully_correct,True,"1.0,2.0,4.0","1.0,2.0,4.0","1.0,2.0,4.0",False
mgsm_trilingual_228,English,True,True,True,fully_correct,False,"4.0,360.0","4.0,360.0","0.5,4.0,360.0",False
mgsm_trilingual_228,Spanish,True,True,True,fully_correct,False,"4.0,360.0","4.0,360.0","0.5,4.0,360.0",False
mgsm_trilingual_228,Japanese,True,True,True,fully_correct,False,"1.0,4.0,360.0","1.0,4.0,360.0","0.5,1.0,4.0,360.0",False
mgsm_trilingual_229,English,False,False,False,needs_manual_check,False,"3.0,4.0,30.0,120.0","3.0,4.0,30.0,120.0","0.75,2.0,30.0,120.0",False
mgsm_trilingual_229,Spanish,False,False,True,different_form,True,"3.0,4.0,30.0,120.0","3.0,4.0,30.0,120.0","0.75,2.0,30.0,120.0",False
mgsm_trilingual_229,Japanese,False,False,False,needs_manual_check,False,"2.0,3.0,4.0,30.0,120.0","2.0,3.0,4.0,30.0,120.0","0.75,2.0,30.0,120.0",False
mgsm_trilingual_233,English,True,True,True,fully_correct,True,36.0,36.0,36.0,False
mgsm_trilingual_233,Spanish,True,True,True,fully_correct,True,36.0,36.0,"0.3333333333333333,36.0",False
mgsm_trilingual_233,Japanese,False,False,True,different_form,True,"1.0,3.0,36.0","1.0,3.0,36.0","0.3333333333333333,36.0",False
mgsm_trilingual_236,English,True,True,True,fully_correct,True,25.0,25.0,"1.0,5.0,25.0",False
mgsm_trilingual_236,Spanish,True,True,True,fully_correct,True,25.0,25.0,"1.0,5.0,25.0",False
mgsm_trilingual_236,Japanese,True,True,True,fully_correct,True,"1.0,5.0,25.0","1.0,5.0,25.0","1.0,5.0,25.0",False
mgsm_trilingual_240,English,True,True,True,fully_correct,False,"6.0,54.0","6.0,54.0","2.0,6.0,54.0",False
mgsm_trilingual_240,Spanish,True,True,True,fully_correct,False,"6.0,54.0","6.0,54.0","2.0,6.0,54.0",False
mgsm_trilingual_240,Japanese,True,True,True,fully_correct,False,"2.0,6.0,54.0","2.0,6.0,54.0","2.0,6.0,54.0",False
mgsm_trilingual_246,English,True,True,True,fully_correct,True,"4.0,5.0,6.0,10.0,250.0","4.0,5.0,6.0,10.0,250.0","4.0,5.0,6.0,10.0,250.0",False
mgsm_trilingual_246,Spanish,True,True,True,fully_correct,True,"4.0,5.0,6.0,10.0,250.0","4.0,5.0,6.0,10.0,250.0","4.0,5.0,6.0,10.0,250.0",False
mgsm_trilingual_246,Japanese,True,True,True,fully_correct,True,"1.0,4.0,5.0,6.0,10.0,250.0","1.0,4.0,5.0,6.0,10.0,250.0","1.0,4.0,5.0,6.0,10.0,250.0",False
mgsm_trilingual_247,English,True,True,True,fully_correct,True,"4.0,12.0,15.0,22.0,43.0","4.0,12.0,15.0,22.0,43.0","2.0,3.0,4.0,12.0,15.0,22.0,43.0",False
mgsm_trilingual_247,Spanish,True,True,True,fully_correct,True,"4.0,12.0,15.0,22.0,43.0","4.0,12.0,15.0,22.0,43.0","3.0,4.0,12.0,15.0,22.0,43.0",False
mgsm_trilingual_247,Japanese,True,True,True,fully_correct,True,"2.0,3.0,4.0,12.0,15.0,22.0,43.0","2.0,3.0,4.0,12.0,15.0,22.0,43.0","2.0,3.0,4.0,12.0,15.0,22.0,43.0",False
